,name,total_auc,ratio_750_760,ratio_760_770,ratio_770_780,ratio_780_790,ratio_790_800,ratio_800_810,ratio_810_820,ratio_820_830,ratio_830_840,ratio_840_850,ratio_850_860,ratio_860_870,ratio_870_880,ratio_880_890,ratio_890_900,ratio_900_910,ratio_910_920,ratio_920_930,ratio_930_940,ratio_940_950,ratio_950_960,ratio_960_970,ratio_970_980,ratio_980_990,ratio_990_1000,ratio_1000_1010,ratio_1010_1020,ratio_1020_1030,ratio_1030_1040,ratio_1040_1050,ratio_1050_1060,ratio_1060_1070,ratio_1070_1080,ratio_1080_1090,ratio_1090_1100,ratio_1100_1110,ratio_1110_1120,ratio_1120_1130,ratio_1130_1140,ratio_1140_1150,ratio_1150_1160,ratio_1160_1170,ratio_1170_1180,ratio_1180_1190,ratio_1190_1200,ratio_1200_1210,ratio_1210_1220,ratio_1220_1230,ratio_1230_1240,ratio_1240_1250,ratio_1250_1260,ratio_1260_1270,ratio_1270_1280,ratio_1280_1290,ratio_1290_1300,ratio_1300_1310,ratio_1310_1320,ratio_1320_1330,ratio_1330_1340,ratio_1340_1350,ratio_1350_1360,ratio_1360_1370,ratio_1370_1380,ratio_1380_1390,ratio_1390_1400,ratio_1400_1410,ratio_1410_1420,ratio_1420_1430,ratio_1430_1440,ratio_1440_1450,ratio_1450_1460,ratio_1460_1470,ratio_1470_1480,ratio_1480_1490,ratio_1490_1500
0,burundi magamba 1.CSV,135.12255147029336,0.004776778830177945,0.004862833161667768,0.004435347393606186,0.004567510528132481,0.0045187833085862635,0.00483304781043706,0.004539911072641211,0.0038813962297707095,0.003674560413358947,0.00384377614431114,0.003850591228674071,0.004437012852951188,0.00458609525143383,0.0043268177715473375,0.0041569049486350545,0.004422601530332008,0.00466220143089383,0.004688670681291888,0.0051988754215255995,0.005365611501139157,0.005638830702570458,0.005755921872377766,0.006829431892795692,0.007971469349501253,0.008555759938212247,0.00825335540790751,0.008820496577896306,0.008995082891977679,0.008757196248204159,0.00799030553104668,0.008116650154011681,0.007580502360670246,0.00712745778707461,0.006414859104014019,0.0063994312372578676,0.005880225617389632,0.005539436057787711,0.004853724894908972,0.005132143017457001,0.005558553866646389,0.005421162928659717,0.004614863707596725,0.004091721252403093,0.0033301298228590346,0.0028568301913258743,0.002693368432784659,0.002922294883270461,0.0030707245657167026,0.003169818902419768,0.003440280049605359,0.003393874780129672,0.0032526696142902486,0.002914543317646473,0.002884959137363973,0.002805566043696457,0.0029052041205509475,0.0027258781048647034,0.002803725994998506,0.002775301081142687,0.002833001530702161,0.002858991516355725,0.0032882318682029813,0.0034419714679571746,0.0031263671690446413,0.002721822845150657,0.0027394987707037876,0.002812758081596366,0.0027460302398258033,0.0026461218587496608,0.002781760763529232,0.002900553901796623,0.0026402964943167745,0.0016565361563769894,0.0014208473664924887,0.0013850942601838943
1,burundi magamba 2.CSV,134.62541947292453,0.005192756365940253,0.005281522344709495,0.00478567342441519,0.004880476563175851,0.004769925706575241,0.005067202435887665,0.0047750825675776905,0.003956884299886585,0.0035420360793779328,0.0036118650059544853,0.0036206992759465033,0.004247337465244206,0.0044526082319340885,0.004105465325299904,0.0038738066456059476,0.004013236425261328,0.004164116839399752,0.004268759252482787,0.004881571139324101,0.0051288354378069,0.005358870503642704,0.005445350848801603,0.006515499743089861,0.007922149075095909,0.00881723259660765,0.008599007457482294,0.009154334852805675,0.009253590379721545,0.008946053326357875,0.008089563036192838,0.008368140255995825,0.007865506126164752,0.007370420128378149,0.006487858600044852,0.0062346666098032225,0.005626892152075989,0.005290174788044056,0.0046195706933705016,0.004716891593153278,0.00498140100609817,0.0046741698399810246,0.0038462606968410916,0.003302193971958353,0.0026736290560622025,0.0022813087193645065,0.0022373116311415445,0.0025064627425628178,0.0026526687164814414,0.002795369166761835,0.0031060754018318454,0.0031187426218225716,0.002984560309171506,0.00266482791503781,0.002654267530042864,0.002640276902990616,0.002799142059368243,0.002642618368224596,0.002697455885717746,0.0026419432629055523,0.002653984344499634,0.002691291955469866,0.0031966284921560065,0.0033693383802477442,0.003090043723555711,0.0027189713457139095,0.002795050646938059,0.002827183310591891,0.0027512558435755885,0.0025760239612735132,0.0026063146592175583,0.0025590687013443423,0.0022144547644087843,0.0015812515155610748,0.0014136219421091631,0.0014304489841719006
2,burundi murambi 1 (1).CSV,311.7684860806231,0.004984397270541491,0.0051221851287521535,0.00455767992809594,0.004640477629007636,0.00453049100973753,0.004842843948002916,0.004572921338184145,0.0037246665138567555,0.003300657099747334,0.0033664369682640696,0.0034013628470391725,0.0039958495931581356,0.004125292846617442,0.003801345403793337,0.003568326153214397,0.0037654910900589648,0.004011968349973856,0.004103268290723484,0.004698262639379577,0.004958577737585288,0.0052158229178886914,0.005437875669812365,0.006794455184254359,0.008490502371507731,0.009533276590995324,0.009339476047016992,0.010101373838587308,0.0105168552281069,0.010334966250747927,0.009413434365347962,0.009637696859428233,0.008973559626263195,0.008259408558543757,0.007098014875737533,0.006816440347995843,0.006254419550569786,0.005904387803477373,0.005125285773394415,0.005122901992548061,0.005280410864819843,0.0050626531961103765,0.004241370492699079,0.0037784453360383244,0.0031836434032800347,0.002757123240312816,0.0026440762609362847,0.002906671149734021,0.00305836679756475,0.00324637916380232,0.0035942739006062496,0.0036178869587732087,0.003508068634374606,0.003159467567027593,0.0031499962575226065,0.002989581192595611,0.0030473059761807497,0.0028728323354323773,0.002949259619529963,0.0028911695991854975,0.0029258120679034245,0.003009645601116202,0.0035689957623847948,0.0037552122811149507,0.0035111518379216,0.003096094256454349,0.003149030083519507,0.003107411819727053,0.0029672018377507707,0.002764287473844868,0.002831261849319952,0.0027410909836558753,0.0024183812709620304,0.0017066930691142395,0.0015277032489569892,0.0015758573975094654
3,burundi murambi 1.CSV,311.7684860806231,0.004984397270541491,0.0051221851287521535,0.00455767992809594,0.004640477629007636,0.00453049100973753,0.004842843948002916,0.004572921338184145,0.0037246665138567555,0.003300657099747334,0.0033664369682640696,0.0034013628470391725,0.0039958495931581356,0.004125292846617442,0.003801345403793337,0.003568326153214397,0.0037654910900589648,0.004011968349973856,0.004103268290723484,0.004698262639379577,0.004958577737585288,0.0052158229178886914,0.005437875669812365,0.006794455184254359,0.008490502371507731,0.009533276590995324,0.009339476047016992,0.010101373838587308,0.0105168552281069,0.010334966250747927,0.009413434365347962,0.009637696859428233,0.008973559626263195,0.008259408558543757,0.007098014875737533,0.006816440347995843,0.006254419550569786,0.005904387803477373,0.005125285773394415,0.005122901992548061,0.005280410864819843,0.0050626531961103765,0.004241370492699079,0.0037784453360383244,0.0031836434032800347,0.002757123240312816,0.0026440762609362847,0.002906671149734021,0.00305836679756475,0.00324637916380232,0.0035942739006062496,0.0036178869587732087,0.003508068634374606,0.003159467567027593,0.0031499962575226065,0.002989581192595611,0.0030473059761807497,0.0028728323354323773,0.002949259619529963,0.0028911695991854975,0.0029258120679034245,0.003009645601116202,0.0035689957623847948,0.0037552122811149507,0.0035111518379216,0.003096094256454349,0.003149030083519507,0.003107411819727053,0.0029672018377507707,0.002764287473844868,0.002831261849319952,0.0027410909836558753,0.0024183812709620304,0.0017066930691142395,0.0015277032489569892,0.0015758573975094654
4,burundi murambi 2 (1).CSV,197.60779491294215,0.00502221482014568,0.0051441345894435225,0.004632390038814202,0.004755041265597199,0.004655021615679389,0.004892901413583668,0.004563578887608855,0.003846823791283462,0.0035066163639715384,0.003602101333102297,0.0036358804025402396,0.00420424800810423,0.00428972346066434,0.004014967648060582,0.0038155235763800426,0.004077173649265926,0.004369691926387589,0.0044294910799728485,0.004986746291412294,0.005211741945581714,0.005455168081205798,0.005643957560890232,0.006934062055758607,0.008397318887638793,0.009095917954243454,0.00870090585049244,0.009265398068407007,0.009501321873717406,0.009377419930535993,0.008597485782037305,0.008813817389171802,0.00824923306773455,0.0076063873004729825,0.006503848884311081,0.006259780893540964,0.005854538754708752,0.005534493546645205,0.004833587510734956,0.004771580349315934,0.004710321076991571,0.004417533526250879,0.003649444892126326,0.003257572132252984,0.0028201517431021205,0.002502746858747562,0.0024811845401549086,0.002757175655237364,0.0029150896691786422,0.0031042676820229936,0.003456690784842773,0.0035266518910188785,0.003447528045079219,0.003117207708228394,0.003127846486678437,0.0030066207609059205,0.0031055477659650923,0.002963189277599208,0.0030614204602803226,0.0030135113823684303,0.0030380881092787956,0.0030955276241771746,0.003644079480025347,0.003799744570417996,0.003615872488288268,0.0032532706599498022,0.0033408778541650416,0.0032782994350822573,0.003122254134931132,0.002839700612094399,0.0028294478725549256,0.0026558613874448867,0.0022886627190145483,0.0017957221441286086,0.0016770110597814443,0.001752955992486704
5,Ethiopia Genet 1.CSV,172.0136779219187,0.005448982681878644,0.005589733937077875,0.005040136048473146,0.005114007026611395,0.005001417623817388,0.005379343043861232,0.005112874033895222,0.00406789417211345,0.0035992228769938257,0.003722547003131758,0.0038157071898451606,0.004611996199480256,0.004830012890236097,0.004475140916235924,0.004194802088446834,0.004332709339480218,0.004465014443666384,0.004559865115622039,0.005371428281806155,0.005782188632647972,0.006103520316611992,0.006230900451056373,0.007340677636971347,0.008667525282167734,0.009665901923363264,0.00968160495543621,0.010471450372718096,0.010666628542108486,0.010308660841790543,0.009322179160311774,0.009657637200605,0.009168603278054476,0.008619206481723153,0.007687823928264814,0.007510002835419924,0.00676364992227192,0.006301057516495061,0.0054409020151570476,0.005621619901135646,0.0061753605908438135,0.006105470142041574,0.005298175407826963,0.004650773432823825,0.0037483882069087996,0.003201621211776474,0.00301450700484641,0.0032722034955587173,0.0034418370529544543,0.003595907296144124,0.003925084248572303,0.0038735372946941495,0.003716709162464239,0.0033681479267932296,0.0033977565936773447,0.0032865961539427233,0.0033513917591099372,0.0031319034605401565,0.003150866309520615,0.003073692856125607,0.0031269592821758494,0.003208316095709168,0.00378341224376057,0.003987124119926172,0.0035837779150997505,0.003078625658559126,0.0031055191313147357,0.0031436046808841515,0.0030424495236501844,0.002924312911604146,0.003074215086328537,0.0031077314031111546,0.0028308292912135893,0.0016713609496308045,0.0013396891936689728,0.0013034057329851846
6,Ethiopia genet 2.CSV,224.91058689427427,0.0052317423447825594,0.005364187933748318,0.00482813455165742,0.004888199040507979,0.00477676807652743,0.005099766029863693,0.004841400526893358,0.003940954550068103,0.0035271241899473235,0.0036274158716887656,0.0036757047948803834,0.0043513247051467155,0.004534895040081042,0.004232299175890612,0.003973485560049719,0.004133022490102041,0.004278359961920606,0.004339729088447127,0.0050568209455153345,0.0054223417823888904,0.0057365024824867095,0.005882445309311286,0.006980963465195421,0.00826866808993797,0.00919940387990558,0.009174733357179957,0.009962597216922242,0.01023378912948064,0.009946946428385142,0.00903728765887476,0.009329079200175845,0.008833874539711888,0.008302600163483373,0.00738682079949058,0.007238763885656246,0.006575742846187841,0.006166989045659568,0.005334387029297557,0.0055350382663169025,0.006033246559319245,0.005957519055020186,0.005155165920407247,0.00454701622768712,0.0037062625530159057,0.0031850978777354703,0.0029943950746752893,0.003232091026113769,0.003384676968743687,0.0035251536035698764,0.0038319999291381427,0.0037856028593712863,0.0036496658110499658,0.003312425639290122,0.0033251403596564664,0.0031911283102290956,0.003245157377656665,0.003030657618579498,0.0030592418153940044,0.002998160040482438,0.003066513085475075,0.0031433916495052267,0.003688269774949782,0.003883049213171681,0.003512646713883829,0.0030353598879871986,0.003062006265472471,0.0030814110240655235,0.0029816908518644995,0.0028627371899075274,0.0030152986362527593,0.003051852091439318,0.0027802614667963603,0.0016769395096707925,0.0013705111459787799,0.0013440236272234988
7,Guatemala #2  1.CSV,104.35772550773136,0.005521394072643419,0.00569878443542719,0.005051218408457754,0.005064384281968664,0.004937740253354552,0.005413852513433559,0.0051352103987614755,0.0038158777674673983,0.0032740050527754723,0.003448461222048348,0.00360589636287315,0.004480002613769598,0.0047647877303421396,0.004393412523022179,0.004135504351342114,0.004253791869868467,0.00439517763490085,0.004622969709056938,0.005585005833718199,0.006129383499400442,0.0066124352334491696,0.006845952284358934,0.008238928761278443,0.009934991582435654,0.011315038232804556,0.011547012285294853,0.012638598479537999,0.013010956415875739,0.012557250411368638,0.011318904553552351,0.011713820924081375,0.011081504776870338,0.010345248453533372,0.009098011500243232,0.008749948162616462,0.007817191672051345,0.007258112239184474,0.006161667748687315,0.0062946123023458166,0.0070127998232472535,0.0069881930642488954,0.005997022933113539,0.0051090554591469535,0.00391780925212566,0.0032367983083552514,0.0030571027977434103,0.0033698307257900174,0.003651840724327724,0.00394704123124069,0.004333338739968826,0.004238476519024915,0.0040281232272655985,0.0035681932560517617,0.0035417963589932924,0.003392164396388615,0.003475375261483429,0.0032363869047023516,0.003215537650014587,0.0031451281196327274,0.0032499360196776832,0.003418206096685582,0.004132653483171148,0.004403879468558932,0.0039372292673151765,0.0033231818649315007,0.0032894721617886397,0.003284952376752487,0.003149803539403194,0.003013814345888541,0.0031818657523467846,0.003242279293914036,0.002933103469125177,0.0015181409724681196,0.0010059496943495263,0.0010309551367303784
8,Guatemala #2 2.CSV,185.74867202751057,0.005228355903173531,0.0053279033809417245,0.004735269438242508,0.004762392210912813,0.004657329992308813,0.0050528227544766584,0.004798148063987636,0.003795211216374778,0.0033674257624368405,0.0035012049342524492,0.003595561265610938,0.004354520364938488,0.004548012724232255,0.004209884248665365,0.00398375091074818,0.004168434008183154,0.004388795623152642,0.004589325986730725,0.005395413351990807,0.005783195699353086,0.006143051010790321,0.006320321545049365,0.007638761715693214,0.00916450903840037,0.0101833147844265,0.010113352483373726,0.010927985804000659,0.011186662235164803,0.010828631251239926,0.00986916057193867,0.01017786451673288,0.009573293076237173,0.008961608502196435,0.007960248457540392,0.007805171994514308,0.007055454779096384,0.006616141113783419,0.005704452433520927,0.006002951857321259,0.006687964882610038,0.006653639492924875,0.005766673083004367,0.005002263950656021,0.003939381340500048,0.0033384144030677286,0.0031136659098973955,0.0034005662465460378,0.003631734515530565,0.0038355885721655394,0.004151569820713169,0.004012063098950146,0.0038106428262504924,0.0033979404429691413,0.0033735827699695343,0.0032358390502128984,0.0032906064347317486,0.0030804101887961805,0.0030952815622024552,0.003041260990385176,0.003135798471482731,0.0032439527945815213,0.0038412737732225594,0.004092121321644352,0.003673156714003323,0.003126255346551874,0.003103622538938273,0.0031575910661831067,0.0030357940250051374,0.002975254023212168,0.003198365106806493,0.0033537718526145187,0.003096234537101342,0.0016607186262705507,0.0012160243147069203,0.0012239615926299592
9,Nicaragua Finca 1.CSV,227.0620701258467,0.00509122112053167,0.005229003520061646,0.004694328727957735,0.004811450046344052,0.0047467025497796266,0.005122772726016533,0.004841182119314177,0.0039532740510349815,0.003560420896387452,0.0036740717170421445,0.003732288175516539,0.0044325213144227205,0.004619488410616677,0.004335543885363504,0.004089556666881863,0.0041991710525576004,0.004302963789308503,0.004370710431750974,0.005075315886127822,0.005412430660394329,0.00569888540760123,0.005763173758352599,0.006777735611507689,0.007951410576762168,0.008882862275371498,0.008932767032290097,0.009665440698592284,0.0098547288741752,0.00949428234234573,0.008583973180752116,0.008870902129452912,0.008409565378112896,0.007912805385122746,0.007040811351139766,0.0068661184159669415,0.006233943206368825,0.005879697086584678,0.0051430877238489,0.0052762547124491094,0.005720157385768435,0.005659934773184773,0.004914114993130752,0.004437874556032762,0.0036981558621461954,0.003253241383540289,0.003093788111199453,0.0033687209809554752,0.0035438814864576177,0.0036855661758231433,0.003997075385418605,0.003933159766859279,0.0037842510453494032,0.0034270202972018723,0.0034560910210539287,0.0033407481356237077,0.003394949704434707,0.0031617174044854604,0.0032125399436720363,0.003169855598624352,0.00322363341684283,0.003294962278083565,0.0038298454181340817,0.003995191666721543,0.003679610124454129,0.0032232072196684033,0.00327029866350658,0.003279448670157872,0.003172092197481869,0.0030186558483373694,0.003155163401872271,0.0031518008552481264,0.0028651414403769292,0.0018910296259303143,0.0016651769415574988,0.0017078444630349646
10,Nicaragua Finca 2.CSV,86.04579445359417,0.004725374510684013,0.004815302528670051,0.00438092475037529,0.0044888483435424785,0.004443387627574149,0.004738961348647499,0.004439618789774372,0.00377241445128667,0.0036169624782717014,0.0037691503790415882,0.0038188580082605442,0.004477753229143788,0.004609631132501213,0.00439746965616957,0.004186435075500654,0.0043421321903055615,0.004473111864579514,0.004520500782115411,0.005123686930660642,0.0053837040931577615,0.00565436542945627,0.005651596845435911,0.006476469817692619,0.007246857233878767,0.00781912792755068,0.007754176823172895,0.008310564241939603,0.008380936518834401,0.008086026272826806,0.007398904265152161,0.007623821779282581,0.007270231810775914,0.006918142660444099,0.006308862799869618,0.006309514411390354,0.005784302170700323,0.005465948406323122,0.004810551302397589,0.005185680467727052,0.005815429792827996,0.0058737073167348,0.005223412575559486,0.004744485418997255,0.003914469231200557,0.0034736975809744526,0.003268842819490447,0.0035345744536543484,0.003702737509548595,0.0037655562279242786,0.003965558516636388,0.003797854952273108,0.003635866160308072,0.0033157954388524998,0.0033677747808375466,0.0033016003263604127,0.0033528597206486195,0.0031234013970791886,0.0031663534132510764,0.003145978395109891,0.0032252291046007365,0.0032498945982606946,0.003660112758615268,0.0037618607410540897,0.003372292675709623,0.002954442826834978,0.0029896157401873083,0.0031114172847324303,0.0030599781550172925,0.003028458161552418,0.0032609998840692433,0.0034526461993444123,0.0032452940633271,0.0019570394894751777,0.001669292085089315,0.0016903507651731826
11,nicaragua java 1.CSV,119.93465438322681,0.00548538814839182,0.005591000846965437,0.005052623593308386,0.005157134089710027,0.00504979392699304,0.005293915575502822,0.005017432895017108,0.0042031333527090785,0.003684206604178774,0.003641766786856399,0.0035895635044978697,0.004107995053534666,0.004250609636013334,0.003881039237597608,0.003617105024145841,0.0037706698498460823,0.004048088664428514,0.0041788170616781665,0.0047070064798417945,0.004869643106977657,0.005004242746625033,0.005175398113089317,0.006504779972460603,0.008293955753673489,0.00923702009583937,0.008763315135208196,0.00926047442559073,0.009443029341697681,0.00927004221820078,0.008449922704285618,0.008707162116859698,0.008005288873279759,0.007316954403964805,0.006143853551190357,0.005734305188871642,0.005278615307942064,0.005006994860781256,0.004407152278933665,0.004179167283244096,0.003972108700341642,0.0034764893603370047,0.0027011762492757654,0.002345383670673125,0.0021293203311852113,0.0018642241548084161,0.0019019431776194351,0.0021640035080728918,0.00225731268064078,0.0024794794032812094,0.0029381869989305604,0.003170432364076949,0.0031672547151081003,0.002878543568363629,0.00288091157662954,0.0027499848086792017,0.0028736110188392425,0.0027261122550050684,0.0028257193292285944,0.002788487208934265,0.0027538579165809394,0.0028230586912067895,0.003468735646225124,0.0037093427227696527,0.003600489635159184,0.003229682078163623,0.0033076779911435737,0.0031767870851556706,0.0030233866470161354,0.002650120370503989,0.002530643472791896,0.0022293114627325804,0.0017463271492111,0.0016242651405769164,0.0015675912751504201,0.0016521693313399698
12,nicaragua java 2.CSV,175.24653182352836,0.004967487650124968,0.005043889527909735,0.004562279065451119,0.004673986531338798,0.004570894292053654,0.004766133233324246,0.004501880444443537,0.003862524131005801,0.003481644891857071,0.003505821346808059,0.003484157849799192,0.003999373193431577,0.004125051803124497,0.003836117167115971,0.003631812712836597,0.0037892750437963597,0.004015197267954799,0.004112660704491394,0.004624924781213029,0.004802777899108814,0.004976153690732629,0.005091603120040462,0.00623246716213373,0.007648756578323856,0.008401849480459064,0.0080407298306272,0.008502557469865875,0.008626154920722865,0.008426006838801124,0.007725032835097524,0.007955203223471236,0.007364460891385183,0.006788318378392012,0.005839040849387119,0.005605031162684702,0.005180758808129504,0.004907617430946223,0.00432052162280258,0.004298537286781194,0.004320878729509173,0.0039899472311276125,0.0032798357841325606,0.002910825407600526,0.0025623064134816854,0.0022825659123293955,0.0022344001884078476,0.002467146732887448,0.0025581621992713877,0.002707653775953559,0.003075642130119656,0.0032041427510602592,0.003172976430576728,0.002903612826464168,0.002920894026924147,0.0028088998671710877,0.002899735986015408,0.002741311379486397,0.0028305231042920396,0.002810506842015671,0.002812196198662691,0.002858800608177304,0.0033976435597500086,0.0036166669096349743,0.0034708389743015686,0.0031110087773733733,0.003168680851899437,0.003121277609717557,0.0029723692644017395,0.002697838919018102,0.002698668652142202,0.002571547172529606,0.0022062933158578492,0.0017529006034161323,0.0016343042985936197,0.001646467656084101
13,nicaragua java 3.CSV,252.73824041852157,0.00496160556454859,0.005069662464949031,0.004546990556916868,0.004643292207931739,0.004549706845312958,0.0048830548560497575,0.004667548306895291,0.0037617065378417547,0.0032938497715010906,0.0033294643908946702,0.0033518097817745915,0.004010977563942353,0.00419947687285695,0.003844201867031646,0.0036054567282259725,0.003750655362627848,0.0039814618029150916,0.004110171393116832,0.004702316750262219,0.004947303343502473,0.005118135251110867,0.005278377342362879,0.006609507092607183,0.00837122728508351,0.009469253439471387,0.009325996345650105,0.01004694606844127,0.010337354226035673,0.010090601503169911,0.009174975132447853,0.009399848973323051,0.008698460605550077,0.00798505183837169,0.006887144681839725,0.006613691641606987,0.005970205994417275,0.005562740166729714,0.004826034993918433,0.004823766936891001,0.004979209992785061,0.0046658344066148345,0.0038728256776432287,0.00340402792969051,0.002845075631262571,0.002462058256633246,0.0023679818898159287,0.002604861816527093,0.002706015406149887,0.002852677904351349,0.0032102438342658853,0.00327765224791192,0.0032035693309737166,0.0029050767670783157,0.0029182342346613637,0.0028200966443671367,0.002903480482547835,0.002730306630423964,0.0027995945239496895,0.002764405442253336,0.0027845023506243463,0.0028400791100233413,0.003396552596724417,0.003633898058685204,0.0034267370292981347,0.003000112940630895,0.003030874427110968,0.0029979355469447995,0.0028607752052648935,0.0026257681345351618,0.0026592369905980256,0.00259169671365427,0.002244035173031058,0.0016019214473516877,0.001395142592159585,0.001410958473161361
14,Papau New Guniea Estate 1.CSV,194.76809921568258,0.005082235343077799,0.005218501815954865,0.004670447860751496,0.00475608650007599,0.0046699606985046134,0.004988084530077364,0.004706253059451156,0.003980973848455579,0.003662113592228993,0.0037875725862650603,0.0038401870963014387,0.004428363855638197,0.0045291296406640615,0.004284831818072612,0.004060505251180674,0.004290284147021784,0.004514728106153163,0.00457934027304966,0.005242762460307457,0.005567869616552613,0.005911119049548745,0.006073785235648213,0.007231583270754687,0.008362275657832258,0.009079037276241564,0.008905350207915391,0.00961403678834108,0.00986992850538675,0.009651721877994594,0.008807714384837543,0.009034637717661704,0.008521550115812385,0.00800177312345334,0.007125281332182705,0.007022538211400053,0.006497993817552087,0.006174909102287961,0.005380890976049328,0.005569120789549499,0.005958637982843281,0.005906808735002342,0.005147906456004022,0.004616859999441885,0.003857849685075831,0.003388553972585523,0.0031943562592317417,0.0034620659913747495,0.0036410068538236923,0.0037838701139354318,0.0040875661130291546,0.004049305539294584,0.0039387069613546185,0.003582730382128274,0.0035956753219069672,0.0034031132169190523,0.003417035326941917,0.003182003478436867,0.0032427286415320934,0.003194737156000182,0.0032719103847270057,0.003346508265430292,0.0038668057199894666,0.00401165199954362,0.0036790406806037654,0.0032287263023348754,0.0032707045225760707,0.003264011250757832,0.003140505871974934,0.0030349936073368325,0.003231865734722087,0.003273699491773149,0.0029923032471551488,0.001901483116603591,0.0016489776986486028,0.001693620566492469
15,Papau New Guniea Estate 2.CSV,249.16818570617124,0.005219375672990164,0.005335152592259845,0.004748538914221188,0.004831013615456294,0.004716138705439029,0.005046619955398319,0.0047656290419823555,0.003884224934538809,0.003488675272916502,0.003602751651449808,0.0036907596236263637,0.0043503081843463565,0.004504238528517776,0.004217322060862145,0.0039847129406967744,0.004113090031035664,0.004274251216220702,0.004368017557098155,0.005073963761606826,0.005437271017159499,0.005796670410576171,0.0059507918413487584,0.007085842953354852,0.008345962333867956,0.009256277993378179,0.009251790907478286,0.010052405526407925,0.010349321106994587,0.010044391630134607,0.009101159478126186,0.009412201472873407,0.008924637402161307,0.008385857105016275,0.007493472736014322,0.007371165967962128,0.006754386058411914,0.006377836961192747,0.005506820538948617,0.005669124799254298,0.006171014134234334,0.006145761563276443,0.005321632519296659,0.004713352168288666,0.0038711110525905955,0.003362187769085552,0.0031777051829003193,0.003455410951115163,0.0036442720729260255,0.0038124792629362614,0.004105477528548,0.004025260794754254,0.0038628159042201986,0.0034804603296234617,0.0034865021336427764,0.0033329440781133877,0.00337777225059779,0.0031495864523587817,0.003191914910383081,0.0031418015359329274,0.0032131209753955576,0.003307228581801015,0.00385620066500566,0.0040091433713568755,0.0036449437573993397,0.0031855180439295493,0.003239310188200734,0.0032533212411343902,0.003134102875950803,0.0030212617377065186,0.0032002727788136794,0.003249897037381172,0.0029641404177682663,0.0018539249539303007,0.0015880817491722493,0.0016436180290656437
16,Rwanda peaberry 1.CSV,146.09595824571883,0.004919814543305887,0.005043282105715227,0.004564748860628277,0.004657610133147472,0.004615576518357844,0.005004974539815773,0.004707592330985063,0.003805505740373432,0.003496506245436627,0.0036587358842382844,0.0037136873356233015,0.004457311533278178,0.004652814085838493,0.004349318177638724,0.004111967956785907,0.004224697448368368,0.004333991539734976,0.004457031672668646,0.005166624223650459,0.0054914948633836965,0.0057741055877856395,0.005808778587794617,0.006785255504545466,0.00788955897414203,0.00878085207872479,0.008821120294678093,0.009494134432817576,0.009627868351486225,0.009291226570997926,0.008439242411016928,0.008703134599737069,0.008272363170502632,0.007794335804568175,0.006965917611760454,0.006783378147444057,0.006126275264924408,0.0057619400943116775,0.005037595131169027,0.005266303751058609,0.005800516761664781,0.00575860376625583,0.005034134056567228,0.0045286997698699444,0.00367434210088439,0.0031978507067640183,0.003006972391948478,0.0032627693666647173,0.0034133877678992476,0.003506132278903386,0.003778138167434149,0.00367095175711809,0.003508811952645411,0.0031774201498251772,0.0032076826970909057,0.0031395923951466455,0.003193418028190796,0.002951143893282849,0.0029941948115615137,0.002957124677263972,0.0030288539687198567,0.0030835618994923715,0.0035534467632272735,0.0037118273079936462,0.0033460617391952996,0.002871485968162314,0.0028934657392756837,0.0029689244649762246,0.0028999885429621917,0.0028244159546310533,0.0029990508563561076,0.003078310352028174,0.0028361838301312757,0.0016757114651507396,0.0013784490095372984,0.001356492633628405
17,Rwanda peaberry 2.CSV,67.09662920832261,0.004761895064903705,0.0048009743572481976,0.004347848936276246,0.004457659326235853,0.004470157021356416,0.004841811319513687,0.004511982434712549,0.0037359469305800865,0.0035600885041348947,0.0037939927550354664,0.0038289588004396754,0.004528826732114912,0.004704194112601078,0.004410195103923316,0.004198730450328306,0.004434018421028546,0.004630309223041634,0.004769101998651287,0.005438304267860879,0.005672799449994674,0.005961830265849767,0.005960165305394509,0.006908012845409753,0.007703681240971225,0.008220064947919565,0.00808568236145362,0.00864456793634754,0.008728672756074005,0.008466438844099134,0.007907093405629896,0.008055443010780807,0.007676886980599473,0.0073980001499540085,0.006948162100189611,0.00714916217834647,0.006621359097742898,0.006373585765146481,0.0056276749336288834,0.006284497640584886,0.007312804894983702,0.007506493750231674,0.00675289993505558,0.006129884721849659,0.004905091748993885,0.004197944660650297,0.003825657199308459,0.004093476691290764,0.004291906359560953,0.004378702385776203,0.004594600050233066,0.00432725464421134,0.004082774376464564,0.0036824701300605554,0.0036670253010962573,0.0035284225750359965,0.003529971708866835,0.0032417818508497028,0.00326372840128738,0.0032431583296498854,0.003381255423304325,0.00345155300382308,0.00391232928706942,0.0041041908556486385,0.0035738618680144895,0.0030025917858113346,0.0029623019314906083,0.0031774500834076086,0.0031279510186656835,0.003272353678700057,0.0036739104111486497,0.0041044256607071505,0.003910344022945572,0.0018665682386199082,0.001315990248907607,0.0012964731899619997
18,Rwanda Rwinyoni 1.CSV,155.5195223863238,0.005303694091873706,0.005445744223326009,0.0048812503555186225,0.004989279337476834,0.004910460178099158,0.0053113189401312036,0.0050040012713439925,0.004034918283267812,0.003617997086997967,0.0037596033513917666,0.0038392662554737104,0.004565176289828221,0.004726490878420171,0.004419335851274678,0.004153391655232231,0.004287744867858097,0.004444389343740508,0.004539629874515718,0.005293882538380874,0.005632897042909678,0.005961620964054151,0.006082845618961835,0.00721216380954978,0.008382666026102225,0.009228473181039356,0.009180615923425095,0.009936893175027574,0.010180866211860092,0.009876870912533444,0.008995038238971532,0.009298718179903418,0.008872397510544543,0.008392977313913978,0.0075215009195375064,0.007394546355522683,0.006796309916963977,0.006463817955155945,0.005632720624333089,0.005834868337004914,0.006356387114208497,0.006295281389412347,0.0054765494797428755,0.004937448403667163,0.004068820131072549,0.0035324036610612894,0.0033438311708041246,0.0036386051210813195,0.0038243834530653797,0.003991737196737972,0.004317598518374248,0.004236633427218614,0.004059861283547974,0.00365684773774149,0.0036533637598565208,0.0035005654280525086,0.0035384477347189507,0.0032811379502325237,0.003323943383215233,0.0032655971852400263,0.0033543045416200468,0.003467567202713835,0.004061205698092523,0.00425229018829001,0.0038723154516409563,0.0033554814807453923,0.0033819824175796197,0.003377782414178056,0.003255181989693489,0.003125771150044174,0.003292747646510151,0.0033170662666480335,0.0030330408031035198,0.0018493581950243983,0.0015385502454046756,0.0015679094462911635
19,Rwanda rwinyoni 2.CSV,272.1809367490757,0.005213363417032035,0.0053668103222726925,0.004768889084570716,0.004815690769158279,0.004704052495343746,0.005101557572540729,0.004866418222228574,0.0038730172002437906,0.0034300101040475586,0.0035323406653798295,0.003592672029094341,0.004335423677875349,0.004550023468828187,0.004209788892329232,0.003963576556137258,0.004097053201238826,0.0042593034500245245,0.00439405284118358,0.005057670844845117,0.005380061906698994,0.00569939364738945,0.005884100437559242,0.007183842840441393,0.008703797308452436,0.009780433938342485,0.00983242197999308,0.010730726781265021,0.011111443426948857,0.010822565652311265,0.00987829739086869,0.010126168124961095,0.0095351435409778,0.008947609077603917,0.00793103424741353,0.0077147439232019225,0.007004952135809071,0.006623455103367319,0.00576442761885715,0.005992046732061598,0.006563834044290414,0.006526043156329016,0.005633559778754088,0.004998682586728085,0.004033063910459706,0.0034456355092047546,0.0032116272220713608,0.0034821510330976285,0.00365303592256446,0.00381935355738529,0.004134684172074196,0.004034522617774487,0.0038537023167848536,0.0034697545115523402,0.0034624184909188838,0.0033089714189959937,0.003347108836061474,0.0030955646161130823,0.0031354726200698993,0.003092871989215396,0.0031709750515159572,0.0032686358541394378,0.003845390843124343,0.004067093023868773,0.0036831028502290804,0.0031485309710804063,0.0031550050396844174,0.003194321124040122,0.0030817416153411,0.002985095677491075,0.0031818802135826474,0.0032573859267683095,0.002969483106438849,0.0017114023797392367,0.0013533077545493078,0.0013447023914041777
